,City,Lat,Lng,Max Temp,Humidity,Cloudiness,Wind Speed,Country,Date
0,gogrial,8.5332,28.1004,29.72,60,99,1.56,SS,1627566763
1,cape town,-33.9258,18.4232,15.06,90,75,0.45,ZA,1627566765
2,vallenar,-28.5708,-70.7581,18.65,22,0,0.64,CL,1627566767
3,padang,-0.9492,100.3543,25.03,84,94,0.93,ID,1627566000
4,pevek,69.7008,170.3133,0.3,97,100,12.04,RU,1627566771
5,rengo,-34.4167,-70.8667,10.18,25,0,0.28,CL,1627566772
6,zeya,53.75,127.2667,17.27,93,54,1.79,RU,1627566774
7,punta arenas,-53.15,-70.9167,6.06,75,75,8.23,CL,1627566777
8,mataura,-46.1927,168.8643,7.49,94,21,1.79,NZ,1627566779
9,alofi,-19.0595,-169.9187,20.94,94,79,2.06,NU,1627566781
10,shuangcheng,45.35,126.2833,26.82,75,100,1.99,CN,1627566783
11,albany,42.6001,-73.9662,22.93,80,95,1.79,US,1627566681
12,yellowknife,62.456,-114.3525,15.74,100,75,0.45,CA,1627566786
13,bredasdorp,-34.5322,20.0403,17.62,59,100,6.17,ZA,1627566788
14,ushuaia,-54.8,-68.3,8.81,46,40,9.77,AR,1627566790
15,bachaquero,9.9694,-71.1494,29.28,67,45,2.84,VE,1627566792
16,pointe michel,15.25,-61.3833,31.52,62,75,1.54,DM,1627566794
17,rocha,-34.4833,-54.3333,8.31,64,13,5.97,UY,1627566796
18,oum hadjer,13.2954,19.6966,32.84,50,30,2.89,TD,1627566797
19,opuwo,-18.0607,13.84,26.04,14,8,6.48,NA,1627566801
20,lae,-6.7221,146.9847,24.98,88,99,0.12,PG,1627566803
21,lavrentiya,65.5833,-171.0,6.08,91,73,4.04,RU,1627566806
22,chokurdakh,70.6333,147.9167,2.05,76,100,3.04,RU,1627566810
23,roma,43.2128,-75.4557,20.47,82,1,2.06,US,1627566723
24,kerema,-7.9631,145.7785,25.15,91,100,1.71,PG,1627566813
25,sharlyk,52.9167,54.75,25.64,25,100,3.42,RU,1627566815
26,hobart,-42.8794,147.3294,8.48,78,40,2.57,AU,1627566819
27,harrismith,-28.2728,29.1295,17.54,19,0,3.52,ZA,1627566820
28,atuona,-9.8,-139.0333,24.74,76,59,5.38,PF,1627566822
29,butaritari,3.0707,172.7902,28.19,73,10,3.9,KI,1627566824
30,srednekolymsk,67.45,153.6833,4.44,85,100,3.69,RU,1627566826
31,rikitea,-23.1203,-134.9692,22.46,81,56,4.79,PF,1627566609
32,broome,42.2506,-75.833,20.39,88,100,1.79,US,1627566833
33,carnarvon,-24.8667,113.6333,18.04,71,0,3.6,AU,1627566835
34,margate,51.3813,1.3862,22.61,41,37,1.79,GB,1627566837
35,binzhou,37.3667,118.0167,23.21,96,81,3.3,CN,1627566839
36,pacific grove,36.6177,-121.9166,16.81,95,81,0.45,US,1627566841
37,vrangel,42.7297,133.0839,22.85,87,100,1.68,RU,1627566843
38,port moresby,-9.4431,147.1797,24.68,94,75,1.54,PG,1627566845
39,khatanga,71.9667,102.5,21.72,56,7,2.08,RU,1627566848
40,laguna,38.421,-121.4238,27.13,71,20,0.45,US,1627566850
41,cerrito,6.8432,-72.694,12.66,63,35,1.54,CO,1627566852
42,busselton,-33.65,115.3333,10.6,67,100,13.08,AU,1627566853
43,bluff,-46.6,168.3333,7.67,81,93,4.01,NZ,1627566855
44,bethel,41.3712,-73.414,24.0,84,97,0.89,US,1627566859
45,te anau,-45.4167,167.7167,6.23,90,91,0.81,NZ,1627566861
46,saint-pierre,-21.3393,55.4781,21.82,68,0,12.35,RE,1627566862
47,darhan,49.4867,105.9228,18.72,77,51,1.48,MN,1627566864
48,severo-kurilsk,50.6789,156.125,13.71,97,69,1.78,RU,1627566866
49,vaini,-21.2,-175.2,19.09,88,20,2.57,TO,1627566870
50,qaanaaq,77.484,-69.3632,7.06,89,100,6.02,GL,1627566872
51,codrington,-38.2667,141.9667,6.86,72,0,6.44,AU,1627566876
52,avarua,-21.2078,-159.775,21.03,88,49,2.06,CK,1627566878
53,pangkalanbuun,-2.6833,111.6167,24.08,86,15,1.18,ID,1627566879
54,sitka,57.0531,-135.33,13.28,79,0,1.49,US,1627566881
55,saldanha,-33.0117,17.9442,13.03,82,79,5.64,ZA,1627566883
56,georgetown,5.4112,100.3354,29.38,80,20,2.57,MY,1627566855
57,yar-sale,66.8333,70.8333,11.32,88,100,2.79,RU,1627566888
58,thunder bay,48.4001,-89.3168,20.31,79,75,2.06,CA,1627566598
59,cairns,-16.9167,145.7667,19.48,100,14,0.0,AU,1627566892
60,ahipara,-35.1667,173.1667,12.27,93,30,3.23,NZ,1627566894
61,nikolskoye,59.7035,30.7861,26.33,55,100,2.53,RU,1627566896
62,rio gallegos,-51.6226,-69.2181,4.03,70,75,2.57,AR,1627566702
63,ilanskiy,56.2358,96.065,12.13,96,100,1.93,RU,1627566899
64,arraial do cabo,-22.9661,-42.0278,21.98,59,40,10.8,BR,1627566901
65,trinidad,-14.8333,-64.9,16.99,39,75,1.54,BO,1627566904
66,esfahan,32.6572,51.6776,34.8,14,60,9.29,IR,1627566906
67,dikson,73.5069,80.5464,5.58,85,100,7.13,RU,1627566907
68,port blair,11.6667,92.75,27.91,84,77,7.62,IN,1627566412
69,kijang,35.2442,129.2139,26.85,74,100,1.74,KR,1627566911
70,berlevag,70.8578,29.0864,9.97,71,75,1.54,NO,1627566913
71,svetlyy,54.675,20.1347,26.03,57,44,5.81,RU,1627566915
72,chuy,-33.6971,-53.4616,8.14,66,14,5.62,UY,1627566916
73,ulladulla,-35.35,150.4667,10.5,78,0,2.48,AU,1627566918
74,fortuna,40.5982,-124.1573,11.29,100,90,0.0,US,1627566920
75,harnosand,62.6323,17.9379,25.0,71,62,3.2,SE,1627566922
76,naze,28.3667,129.4833,25.4,91,3,1.38,JP,1627566924
77,cherskiy,68.75,161.3,0.67,89,100,7.62,RU,1627566926
78,coihaique,-45.5752,-72.0662,5.34,81,0,4.63,CL,1627566928
79,hilo,19.7297,-155.09,23.22,92,87,0.76,US,1627566930
80,whitehorse,60.7161,-135.0538,7.43,87,75,1.03,CA,1627566932
81,kruisfontein,-34.0033,24.7314,17.16,61,11,9.72,ZA,1627566933
82,tiksi,71.6872,128.8694,7.48,70,0,2.17,RU,1627566935
83,zipaquira,5.0221,-74.0048,13.69,78,88,2.61,CO,1627566937
84,ko samui,9.5357,99.9357,27.95,78,20,1.54,TH,1627566939
85,hithadhoo,-0.6,73.0833,27.38,76,100,3.72,MV,1627566941
86,provideniya,64.3833,-173.3,7.42,91,97,3.92,RU,1627566943
87,upernavik,72.7868,-56.1549,5.87,97,100,8.97,GL,1627566945
88,ilulissat,69.2167,-51.1,7.34,82,100,1.47,GL,1627566947
89,portland,45.5234,-122.6762,19.69,74,20,1.34,US,1627566169
90,geraldton,-28.7667,114.6,19.23,68,90,8.23,AU,1627566950
91,guarapari,-20.6667,-40.4975,18.94,80,100,7.22,BR,1627566952
92,chicama,-7.8447,-79.1469,16.3,77,41,1.96,PE,1627566405
93,jamestown,42.097,-79.2353,20.04,94,90,2.68,US,1627566956
94,tasiilaq,65.6145,-37.6368,8.05,65,60,1.07,GL,1627566958
95,coahuayana,18.7333,-103.6833,26.56,80,77,1.34,MX,1627566959
96,thompson,55.7435,-97.8558,12.09,82,20,0.0,CA,1627566961
97,norman wells,65.282,-126.8329,14.02,94,90,1.03,CA,1627566965
98,port macquarie,-31.4333,152.9167,6.98,58,0,2.94,AU,1627566967
99,terekli-mekteb,44.1671,45.8698,33.1,18,0,8.34,RU,1627566968
100,pangnirtung,66.1451,-65.7125,10.0,76,1,4.12,CA,1627566970
101,broken hill,-31.95,141.4333,7.84,53,0,4.63,AU,1627566438
102,porbandar,21.6422,69.6093,27.99,83,75,4.12,IN,1627566974
103,shenjiamen,29.9576,122.298,26.46,94,100,8.37,CN,1627566977
104,sao filipe,14.8961,-24.4956,24.05,77,88,4.18,CV,1627566979
105,kavaratti,10.5669,72.642,27.9,79,91,6.67,IN,1627566981
106,inongo,-1.95,18.2667,25.49,34,98,1.36,CD,1627566983
107,chiredzi,-21.05,31.6667,25.84,23,15,1.95,ZW,1627566985
108,kysyl-syr,63.8986,122.7617,13.41,54,12,1.53,RU,1627566986
109,port lincoln,-34.7333,135.8667,14.7,59,100,5.33,AU,1627566988
110,jinka,5.65,36.65,21.29,55,100,1.61,ET,1627566990
111,bemidji,47.4736,-94.8803,18.43,85,1,2.57,US,1627566899
112,mahebourg,-20.4081,57.7,22.16,64,40,7.2,MU,1627566995
113,novobelokatay,55.7062,58.9549,20.46,46,15,4.76,RU,1627566997
114,amot,59.5714,7.9877,16.53,88,100,0.57,NO,1627566999
115,longyearbyen,78.2186,15.6401,7.91,71,75,3.6,SJ,1627567001
116,port alfred,-33.5906,26.891,18.32,60,6,12.01,ZA,1627567003
117,corinto,37.9407,22.9573,42.02,31,0,3.6,GR,1627567006
118,klaksvik,62.2266,-6.589,13.51,95,100,3.53,FO,1627567008
119,totness,5.8833,-56.3167,27.65,73,2,2.56,SR,1627567012
120,puerto ayora,-0.7393,-90.3518,22.67,81,59,3.32,EC,1627566776
121,jumla,29.2747,82.1838,18.19,96,100,1.19,NP,1627567015
122,chapais,49.7834,-74.8492,13.88,95,100,3.72,CA,1627567017
123,ukiah,39.1502,-123.2078,25.76,54,27,0.9,US,1627567019
124,waipawa,-41.4122,175.5153,11.36,90,33,2.15,NZ,1627567021
125,deputatskiy,69.3,139.9,3.3,82,51,1.68,RU,1627567023
126,estacion coahuila,32.1939,-115.0017,33.87,29,93,2.46,MX,1627567025
127,seoul,37.5683,126.9778,27.78,72,0,2.57,KR,1627566913
128,turochak,52.2576,87.1224,16.1,68,100,1.25,RU,1627567028
129,nisia floresta,-6.0911,-35.2086,29.21,48,42,5.22,BR,1627567030
130,barrow,71.2906,-156.7887,10.01,97,90,2.06,US,1627567032
131,yangliuqing,39.1375,116.9997,20.97,97,100,9.32,CN,1627567034
132,salalah,17.0151,54.0924,25.84,88,86,6.57,OM,1627567035
133,kharp,66.8014,65.8081,13.61,75,100,3.13,RU,1627567037
134,tombouctou,20.0,-3.0,40.2,25,41,5.17,ML,1627567039
135,hermanus,-34.4187,19.2345,15.45,78,83,3.77,ZA,1627567043
136,los llanos de aridane,28.6585,-17.9182,22.86,78,75,6.69,ES,1627567044
137,tura,25.5198,90.2201,23.56,95,100,2.9,IN,1627567046
138,pontes e lacerda,-15.2261,-59.3353,18.99,15,56,4.54,BR,1627567048
139,aksu,41.1231,80.2644,35.11,14,6,3.7,CN,1627567052
140,tuktoyaktuk,69.4541,-133.0374,11.0,93,90,3.6,CA,1627567054
141,saint-philippe,-21.3585,55.7679,21.77,82,46,7.88,RE,1627567057
142,kavieng,-2.5744,150.7967,28.02,75,2,2.63,PG,1627567059
143,clyde river,70.4692,-68.5914,11.13,66,20,5.14,CA,1627567061
144,puerto escondido,15.85,-97.0667,26.85,78,98,1.76,MX,1627567063
145,guerrero negro,27.9769,-114.0611,21.12,86,0,4.46,MX,1627567065
146,port elizabeth,-33.918,25.5701,18.39,63,20,11.32,ZA,1627566871
147,verkhnevilyuysk,63.4453,120.3167,13.62,55,18,1.05,RU,1627567068
148,asau,46.4333,26.4,33.31,31,1,5.06,RO,1627567070
149,carutapera,-1.195,-46.02,30.07,63,22,3.34,BR,1627567072
150,ancud,-41.8697,-73.8203,3.74,83,6,0.76,CL,1627567074
151,saint anthony,45.0205,-93.218,25.5,77,3,4.47,US,1627567077
152,iquitos,-3.7481,-73.2472,24.02,88,75,3.09,PE,1627566905
153,tawau,4.2498,117.8871,27.07,87,57,2.13,MY,1627567081
154,bastia,42.6667,9.3333,30.01,72,0,3.6,FR,1627567083
155,suntar,62.1444,117.6319,15.12,55,7,2.58,RU,1627567085
156,esperance,-33.8667,121.9,15.91,69,0,12.25,AU,1627567087
157,kapaa,22.0752,-159.319,23.99,78,34,4.93,US,1627567088
158,caranavi,-15.8167,-67.55,8.91,99,100,0.9,BO,1627567092
159,ahuimanu,21.4447,-157.8378,25.42,79,54,5.21,US,1627567094
160,new norfolk,-42.7826,147.0587,8.29,76,100,0.45,AU,1627567096
161,mbini,1.574,9.6134,27.91,74,38,4.26,GQ,1627567100
162,abu dhabi,24.4667,54.3667,38.06,60,69,5.14,AE,1627566426
163,lebu,-37.6167,-73.65,11.03,62,0,1.29,CL,1627567105
164,marsani,44.0167,24.0167,38.33,15,8,4.34,RO,1627567107
165,souillac,-20.5167,57.5167,22.21,64,40,7.2,MU,1627567109
166,birjand,32.8663,59.2211,32.26,7,0,11.32,IR,1627567111
167,kalmunai,7.4167,81.8167,28.53,78,98,2.22,LK,1627567112
168,louis trichardt,-23.0439,29.9032,23.08,14,10,3.15,ZA,1627567114
169,puerto ayacucho,5.6639,-67.6236,25.76,80,88,0.37,VE,1627567116
170,hofn,64.2539,-15.2082,14.01,82,20,3.6,IS,1627567118
171,vichuga,57.2128,41.9301,18.89,86,100,2.32,RU,1627567121
172,antofagasta,-23.65,-70.4,17.34,63,20,2.76,CL,1627567123
173,makokou,0.5738,12.8642,29.19,70,75,1.63,GA,1627567125
174,vidim,56.4088,103.1106,15.12,97,73,3.53,RU,1627567127
175,dzhebariki-khaya,62.2167,135.8,14.6,76,99,2.61,RU,1627567129
176,san juan de uraba,8.7592,-76.5297,26.34,90,100,3.64,CO,1627567130
177,kedougou,12.5579,-12.1743,27.85,77,100,1.91,SN,1627567132
178,alyangula,-13.8483,136.4192,20.93,100,29,0.51,AU,1627567134
179,shimoda,34.6667,138.95,23.39,89,5,2.93,JP,1627567136
180,jiuquan,39.7432,98.5174,29.61,14,0,4.03,CN,1627567138
181,conde,-7.2597,-34.9075,28.7,58,75,4.12,BR,1627567140
182,cabo san lucas,22.8909,-109.9124,29.73,74,2,1.34,MX,1627566921
183,lazaro cardenas,17.9583,-102.2,25.89,85,57,2.58,MX,1627567145
184,bay roberts,47.5999,-53.2648,19.17,92,100,2.24,CA,1627567147
185,port hardy,50.6996,-127.4199,12.1,100,90,0.0,CA,1627567149
186,richards bay,-28.783,32.0377,21.83,36,0,4.34,ZA,1627567151
187,beroroha,-21.6667,45.1667,28.55,31,7,3.98,MG,1627567153
188,east london,-33.0153,27.9116,19.52,55,0,10.8,ZA,1627567154
189,ponta do sol,32.6667,-17.1,25.35,59,25,1.86,PT,1627567156
190,xiaolingwei,32.0333,118.85,26.03,89,0,2.72,CN,1627567158
191,enumclaw,47.2043,-121.9915,17.09,83,6,1.22,US,1627567160
192,ribeira grande,38.5167,-28.7,24.22,78,75,5.66,PT,1627567162
193,castro,-24.7911,-50.0119,4.88,43,3,3.9,BR,1627567164
194,saint-augustin,51.226,-58.6502,15.11,79,89,3.73,CA,1627567165
195,meulaboh,4.1363,96.1285,26.14,82,100,0.29,ID,1627567167
196,mecca,21.4267,39.8261,38.67,24,100,5.94,SA,1627567169
197,kodiak,57.79,-152.4072,9.96,89,98,1.19,US,1627567171
198,sazonovo,59.0919,35.2268,25.98,42,85,4.04,RU,1627567173
199,fairbanks,64.8378,-147.7164,13.11,93,100,1.29,US,1627567176
200,abadan,30.3392,48.3043,44.97,10,0,7.2,IR,1627567178
201,cartagena,10.3997,-75.5144,28.79,79,0,1.03,CO,1627567074
202,huambo,-12.7761,15.7392,24.89,23,0,5.14,AO,1627567182
203,baghmara,23.795,86.2085,26.06,91,100,5.69,IN,1627567183
204,freeport,40.6576,-73.5832,25.73,80,75,1.79,US,1627566904
205,karlshamn,56.1706,14.8619,21.06,47,12,8.9,SE,1627567187
206,urumqi,43.801,87.6005,31.53,21,0,3.0,CN,1627567189
207,lagoa,39.05,-27.9833,21.23,81,76,3.15,PT,1627567191
208,shalinskoye,55.7228,93.7594,12.53,78,100,0.97,RU,1627567192
209,chirkey,42.9613,46.9787,24.53,35,100,4.81,RU,1627567195
210,san patricio,28.017,-97.5169,29.37,72,54,2.01,US,1627567197
211,cidreira,-30.1811,-50.2056,8.22,67,81,7.86,BR,1627567199
212,neiafu,-18.65,-173.9833,24.46,73,96,6.42,TO,1627567201
213,mount isa,-20.7333,139.5,16.87,45,3,2.57,AU,1627567211
214,victoria,22.2855,114.1577,30.54,87,98,0.45,HK,1627567213
215,aranos,-24.1333,19.1167,22.41,14,0,3.79,NA,1627567214
216,samarai,-10.6167,150.6667,26.4,87,54,3.22,PG,1627567217
217,vestmannaeyjar,63.4427,-20.2734,13.86,81,100,2.11,IS,1627567219
218,lengshuijiang,27.6881,111.4294,28.11,74,46,0.53,CN,1627567221
219,hami,42.8,93.45,37.11,13,0,3.18,CN,1627567222
220,charyshskoye,51.3978,83.5598,16.54,72,100,1.66,RU,1627567225
221,jiupu,41.0667,122.95,22.14,94,99,2.81,CN,1627567228
222,nanortalik,60.1432,-45.2371,8.41,81,64,5.03,GL,1627567234
223,tilichiki,60.4667,166.1,5.93,73,43,1.31,RU,1627567238
224,torbay,47.6666,-52.7314,18.75,90,100,2.24,CA,1627567239
225,sinnamary,5.3833,-52.95,28.06,73,3,2.31,GF,1627567241
226,saskylakh,71.9167,114.0833,23.87,56,20,3.14,RU,1627567243
227,alta floresta,-9.8756,-56.0861,23.52,30,0,3.78,BR,1627567207
228,nikki,9.9401,3.2108,27.7,65,94,2.76,BJ,1627567247
229,collie,-33.3667,116.15,9.43,93,100,7.07,AU,1627567249
230,chunoyar,57.4467,97.3217,13.12,90,100,1.97,RU,1627567251
231,khasan,42.4308,130.6434,24.46,89,100,1.26,RU,1627567253
232,aklavik,68.2191,-135.0107,14.48,81,100,3.33,CA,1627567255
233,pindiga,9.9833,10.9333,27.99,62,72,3.11,NG,1627567257
234,camacha,33.0833,-16.3333,23.42,60,20,7.2,PT,1627567259
235,kloulklubed,7.0419,134.2556,29.19,74,31,1.68,PW,1627567261
236,killybegs,54.6333,-8.45,15.81,76,100,4.76,IE,1627567263
237,mirzapur,25.15,82.5833,27.98,83,100,6.33,IN,1627567265
238,nyurba,63.2842,118.3319,13.96,54,7,1.29,RU,1627567268
239,dunedin,-45.8742,170.5036,8.22,86,39,8.05,NZ,1627567270
240,mackenzie,55.2999,-123.1698,12.57,85,33,0.26,CA,1627567272
241,kaunas,54.9,23.9,27.1,47,40,3.09,LT,1627567274
242,saint-leu,-21.15,55.2833,21.48,72,93,3.06,RE,1627567276
243,faanui,-16.4833,-151.75,25.15,77,47,5.48,PF,1627567278
244,bucerias,20.75,-105.3333,25.55,88,98,1.11,MX,1627567207
245,boksitogorsk,59.474,33.8485,23.67,54,100,2.83,RU,1627567282
246,iqaluit,63.7506,-68.5145,8.72,70,24,1.34,CA,1627567284
247,pathein,16.7833,94.7333,26.66,86,86,4.5,MM,1627567288
248,hargeysa,9.56,44.065,25.19,46,82,11.72,SO,1627567290
249,lasa,46.6166,10.7002,28.35,61,68,2.43,IT,1627567292
250,okha,53.5739,142.9478,16.77,99,100,4.26,RU,1627567294
251,sorland,67.667,12.6934,13.04,85,0,14.09,NO,1627567296
252,itoman,26.1247,127.6694,28.01,89,20,2.57,JP,1627567300
253,autun,46.95,4.3,26.2,39,6,2.1,FR,1627567303
254,mar del plata,-38.0023,-57.5575,10.07,78,0,0.45,AR,1627567133
255,khani,41.9563,42.9566,23.76,86,82,1.33,GE,1627567307
256,praia da vitoria,38.7333,-27.0667,22.37,77,92,4.01,PT,1627567309
257,nishihara,26.1842,127.7558,27.6,89,20,2.57,JP,1627567311
258,flinders,-34.5833,150.8552,10.21,62,0,3.11,AU,1627567313
259,gat,31.61,34.7642,33.55,41,0,6.29,IL,1627567315
260,bosaso,11.2842,49.1816,31.15,58,100,1.98,SO,1627567317
261,tomatlan,19.9333,-105.25,23.93,89,84,1.51,MX,1627567319
262,port arthur,38.8,121.2667,26.12,85,100,10.47,CN,1627567325
263,santa rosa,14.3122,121.1114,27.28,88,99,2.38,PH,1627567327
264,vila do maio,15.1333,-23.2167,23.99,77,100,3.56,CV,1627567330
265,caravelas,-17.7125,-39.2481,26.72,60,2,3.66,BR,1627567332
266,kone,-21.0595,164.8658,18.96,79,55,0.68,NC,1627567334
267,nouadhibou,20.931,-17.0347,20.67,91,9,8.05,MR,1627567336
268,korla,41.7597,86.1469,36.03,15,2,5.87,CN,1627567338
269,kupang,-10.1667,123.5833,24.73,82,43,4.75,ID,1627567340
270,cap malheureux,-19.9842,57.6142,21.93,70,77,4.47,MU,1627567273
271,sychevka,55.8252,34.2736,26.44,53,98,2.95,RU,1627567343
272,karratha,-20.7377,116.8463,21.84,74,0,3.82,AU,1627567346
273,auki,-8.7676,160.7034,24.45,87,7,1.87,SB,1627567348
274,alice springs,-23.7,133.8833,15.75,44,0,0.0,AU,1627567351
275,poum,-20.2333,164.0167,21.51,72,43,3.03,NC,1627567353
276,ayan,56.45,138.1667,12.43,93,100,12.09,RU,1627567355
277,egvekinot,66.3167,-179.1667,3.72,91,100,2.19,RU,1627567358
278,shihezi,44.3,86.0333,30.6,22,3,3.7,CN,1627567361
279,urubicha,-15.3833,-62.95,17.73,16,73,3.08,BO,1627567363
280,arroio grande,-32.2375,-53.0869,7.92,65,6,5.65,BR,1627567365
281,luderitz,-26.6481,15.1594,20.44,41,0,9.58,NA,1627567367
282,mubi,10.2676,13.2644,23.76,83,100,0.91,NG,1627567369
283,belmonte,-15.8631,-38.8828,27.58,64,4,3.36,BR,1627567370
284,mackay,-21.15,149.2,18.36,87,0,2.25,AU,1627567211
285,aurora,39.7294,-104.8319,27.81,54,97,0.89,US,1627567148
286,airai,-8.9266,125.4092,14.31,76,15,1.06,TL,1627567376
287,villazon,-22.0866,-65.5942,4.98,26,4,1.54,BO,1627567379
288,kapoeta,4.7717,33.5903,28.35,47,100,2.92,SS,1627567381
289,comodoro rivadavia,-45.8667,-67.5,10.55,50,72,3.61,AR,1627567316
290,ternate,0.8,127.4,27.46,81,56,1.78,ID,1627567384
291,inta,66.0317,60.1659,13.2,61,81,3.91,RU,1627567386
292,andrushivka,50.0229,29.0202,30.51,45,0,5.4,UA,1627567388
293,saint-francois,46.4154,3.9054,26.93,57,20,1.54,FR,1627567392
294,westport,41.1415,-73.3579,24.92,85,79,0.45,US,1627567273
295,natitingou,10.3042,1.3796,27.49,66,90,3.79,BJ,1627567395
296,novosheshminsk,55.0651,51.2338,22.94,54,100,7.51,RU,1627567397
297,general roca,-39.0333,-67.5833,11.91,27,0,4.27,AR,1627567400
298,firminy,45.3873,4.2907,26.28,44,0,1.54,FR,1627567402
299,waw,7.7029,27.9953,29.37,61,100,1.91,SS,1627567404
300,muriti,-1.9833,32.9167,25.01,48,16,2.58,TZ,1627567405
301,teahupoo,-17.8333,-149.2667,20.98,81,66,3.01,PF,1627567407
302,tiarei,-17.5333,-149.3333,24.01,77,87,0.61,PF,1627567409
303,pryyutivka,48.7209,33.0708,32.81,33,62,3.96,UA,1627567411
304,bengkulu,-3.8004,102.2655,25.77,86,84,3.85,ID,1627567413
305,kitui,-1.367,38.0106,22.54,47,98,5.69,KE,1627567415
306,pontianak,-0.0333,109.3333,26.99,89,40,3.09,ID,1627567417
307,omboue,-1.5746,9.2618,27.35,63,30,6.16,GA,1627567419
308,havelock,34.8791,-76.9013,28.36,86,0,1.33,US,1627567421
309,miri,4.4148,114.0089,30.08,79,40,3.09,MY,1627567196
310,walvis bay,-22.9575,14.5053,17.27,50,8,8.91,NA,1627567424
311,stranraer,54.9023,-5.0273,16.79,81,55,7.43,GB,1627567426
312,port hueneme,34.1478,-119.1951,27.01,93,90,1.54,US,1627567428
313,kemi,65.8596,24.8228,22.87,60,0,4.12,FI,1627567430
314,leningradskiy,69.3833,178.4167,0.34,99,100,6.84,RU,1627567433
315,biloela,-24.4167,150.5,14.48,58,0,4.32,AU,1627567435
316,piet retief,-27.0071,30.8132,20.63,14,0,3.18,ZA,1627567440
317,kenai,60.5544,-151.2583,11.72,87,40,3.6,US,1627567442
318,san andres,12.5847,-81.7006,27.6,78,2,7.27,CO,1627567444
319,katherine,-14.4667,132.2667,21.18,60,10,0.0,AU,1627567446
320,kirakira,-10.4544,161.9205,25.62,86,5,2.36,SB,1627567447
321,mogadishu,2.0371,45.3438,24.85,80,94,10.03,SO,1627567449
322,inuvik,68.3499,-133.7218,13.87,85,100,2.56,CA,1627567451
323,zhezkazgan,47.8043,67.7144,25.24,26,100,5.16,KZ,1627567453
324,vostok,46.4856,135.8833,21.57,84,68,1.87,RU,1627567455
325,bambous virieux,-20.3428,57.7575,21.79,72,83,9.8,MU,1627567457
326,anadyr,64.75,177.4833,5.0,86,100,11.82,RU,1627567459
327,luwingu,-10.2621,29.9271,26.33,20,28,2.95,ZM,1627567461
328,beira,-19.8436,34.8389,23.05,64,20,4.63,MZ,1627567463
329,erdenet,49.0333,104.0833,15.61,64,96,1.75,MN,1627567464
330,merced,37.1666,-120.7516,23.92,44,5,2.11,US,1627567470
331,denpasar,-8.65,115.2167,26.81,89,20,6.17,ID,1627567266
332,buta,2.7858,24.73,27.53,62,100,1.79,CD,1627567473
333,daltenganj,24.0333,84.0667,25.5,87,99,5.63,IN,1627567475
334,bathsheba,13.2167,-59.5167,30.34,70,40,8.23,BB,1627567477
335,nantucket,41.2835,-70.0995,25.34,60,1,3.6,US,1627567335
336,okhtyrka,50.3104,34.8988,32.24,33,95,3.7,UA,1627567482
337,nuuk,64.1835,-51.7216,7.34,100,75,0.51,GL,1627567222
338,tortoli,39.9256,9.6572,35.55,49,0,1.53,IT,1627567485
339,santa isabel do rio negro,-0.4139,-65.0192,29.78,61,40,0.76,BR,1627567487
340,birao,10.2849,22.7882,31.84,52,52,1.79,CF,1627567489
341,teguldet,57.3064,88.1667,15.81,68,59,1.69,RU,1627567491
342,rapid valley,44.0625,-103.1463,22.47,64,20,1.54,US,1627567399
343,chumikan,54.7183,135.315,11.62,92,100,9.89,RU,1627567494
344,port-cartier,50.0334,-66.8654,18.19,52,98,2.12,CA,1627567498
345,alegrete,-29.7831,-55.7919,8.13,55,0,2.93,BR,1627567500
346,severo-yeniseyskiy,60.3725,93.0408,10.46,96,100,1.16,RU,1627567504
347,neyshabur,36.2133,58.7958,29.87,32,94,5.75,IR,1627567507
348,coquimbo,-29.9533,-71.3436,13.32,65,0,1.24,CL,1627567212
349,kaitangata,-46.2817,169.8464,5.46,89,96,2.3,NZ,1627567510
350,adrar,20.5022,-10.0711,38.74,19,99,7.17,MR,1627567512
351,mutis,6.2262,-77.4044,26.87,84,97,2.41,CO,1627567514
352,otane,-39.8833,176.6333,3.55,94,3,0.79,NZ,1627567516
353,markova,48.6758,24.4138,22.77,80,54,3.41,UA,1627567518
354,pemba,-12.974,40.5178,24.89,59,0,6.88,MZ,1627567520
355,panalingaan,8.7842,117.4231,27.51,74,100,1.49,PH,1627567522
356,saint-louis,16.3333,-15.0,31.67,48,100,3.32,SN,1627567524
357,verkhnetulomskiy,68.6073,31.7962,11.07,57,100,2.64,RU,1627567529
358,lewistown,40.5992,-77.5714,24.21,78,1,0.0,US,1627567531
359,anuchino,43.9622,133.0544,22.73,94,100,1.79,RU,1627567532
360,santa maria da vitoria,-13.3947,-44.1886,30.72,28,0,2.8,BR,1627567534
361,bocas del toro,9.3333,-82.25,28.37,77,82,1.56,PA,1627567536
362,burnie,-41.0667,145.9167,8.89,89,22,3.34,AU,1627567538
363,pisco,-13.7,-76.2167,17.03,77,90,1.54,PE,1627567518
364,tabou,4.423,-7.3528,26.98,70,63,4.51,CI,1627567542
365,alice,27.7523,-98.0697,29.08,89,1,2.06,US,1627567543
366,lata,40.1629,-8.3327,30.58,36,2,5.17,PT,1627567545
367,blagoveshchensk,50.2667,127.5333,20.21,82,91,1.4,RU,1627567547
368,saravan,39.7196,45.6483,20.36,48,74,3.6,AM,1627567551
369,shelburne,44.0787,-80.2041,18.19,97,100,4.7,CA,1627567553
370,saquena,-4.6667,-73.5167,26.43,66,20,3.33,PE,1627567555
371,ossora,59.2353,163.0719,10.58,90,100,2.7,RU,1627567557
372,kieta,-6.2167,155.6333,26.51,84,30,2.6,PG,1627567559
373,husavik,66.0449,-17.3389,10.01,96,100,0.8,IS,1627567560
374,beloha,-25.1667,45.05,24.51,51,3,4.92,MG,1627567562
375,koumac,-20.5667,164.2833,19.58,77,28,1.88,NC,1627567564
376,gamba,-2.65,10.0,26.29,66,45,5.37,GA,1627567569
377,davila,18.4726,120.5763,27.97,82,100,9.25,PH,1627567571
378,zasechnoye,53.1092,45.0764,22.6,75,100,2.7,RU,1627567573
379,letlhakeng,-24.0944,25.0298,22.9,15,0,4.96,BW,1627567575
380,kintampo,8.0563,-1.7306,28.88,53,99,3.51,GH,1627567577
381,constitucion,-35.3333,-72.4167,12.6,55,0,1.63,CL,1627567579
382,goundam,16.4145,-3.6708,34.46,40,72,1.38,ML,1627567581
383,noumea,-22.2763,166.4572,21.11,99,19,3.03,NC,1627567205
384,saint-georges,12.0564,-61.7485,25.88,86,100,6.31,GD,1627567430
385,karasburg,-28.0167,18.75,18.55,16,0,2.21,NA,1627567586
386,zelenoborskiy,66.845,32.3622,12.16,88,100,4.2,RU,1627567588
387,vardo,70.3705,31.1107,9.11,85,95,3.42,NO,1627567590
388,kaduy,59.2,37.15,19.02,44,83,4.58,RU,1627567592
389,manakara,-22.1333,48.0167,20.58,84,71,5.69,MG,1627567594
390,pauini,-7.7136,-66.9764,23.54,30,32,3.55,BR,1627567595
391,hamilton,39.1834,-84.5333,25.99,90,1,1.34,US,1627567373
392,sao felix do xingu,-6.6447,-51.995,33.25,27,0,2.03,BR,1627567599
393,zigong,29.3416,104.7769,28.22,74,0,0.89,CN,1627567601
394,najran,17.4924,44.1277,37.7,11,73,7.82,SA,1627567603
395,gorontalo,0.5412,123.0595,24.57,92,11,1.18,ID,1627567604
396,cayenne,4.9333,-52.3333,31.02,76,20,0.89,GF,1627567485
397,sumenep,-7.0167,113.8667,26.59,79,60,4.23,ID,1627567608
398,alamosa,37.4695,-105.87,17.73,72,1,0.0,US,1627567501
399,balkhash,46.844,74.9804,24.5,32,57,4.42,KZ,1627567611
400,andra,62.5147,65.8878,10.85,64,84,3.02,RU,1627567613
401,yeppoon,-23.1333,150.7333,18.88,74,0,2.77,AU,1627567615
402,lorengau,-2.0226,147.2712,27.54,78,12,2.0,PG,1627567617
403,harstad,68.799,16.5293,16.55,96,85,2.24,NO,1627567619
404,half moon bay,37.4636,-122.4286,19.67,90,90,0.0,US,1627567606
405,kormilovka,55.0026,74.1028,19.86,45,11,1.65,RU,1627567623
406,yumen,40.2833,97.2,31.27,11,0,5.33,CN,1627567626
407,narsaq,60.9167,-46.05,12.12,71,100,2.36,GL,1627567629
408,vestmanna,62.1564,-7.1664,12.51,94,90,4.12,FO,1627567631
409,henties bay,-22.116,14.2845,17.14,64,0,6.41,NA,1627567633
410,atar,20.5169,-13.0499,39.64,18,13,5.33,MR,1627567634
411,changchun,43.88,125.3228,23.1,83,100,2.08,CN,1627567404
412,moerai,-22.4333,-151.3333,21.66,70,7,3.68,PF,1627567638
413,ariquemes,-9.9133,-63.0408,22.0,23,2,4.45,BR,1627567640
414,waingapu,-9.6567,120.2641,23.89,85,10,3.87,ID,1627567642
415,severobaykalsk,55.65,109.3167,14.9,70,44,1.21,RU,1627567643
416,manikpur,25.0667,81.1167,24.97,91,100,6.29,IN,1627567645
417,talnakh,69.4865,88.3972,17.93,63,72,2.43,RU,1627567647
418,izamal,20.9333,-89.0167,26.99,66,46,2.27,MX,1627567649
419,ostrovskoye,57.8057,42.2433,19.88,80,97,2.67,RU,1627567651
420,garh maharaja,30.8339,71.9053,37.48,45,61,4.15,PK,1627567653
421,dolores,-36.3132,-57.6792,7.78,52,12,4.99,AR,1627567655
422,college,64.8569,-147.8028,13.7,92,75,2.57,US,1627567561
423,dingle,10.9995,122.6711,25.76,88,100,3.02,PH,1627567658
424,claresholm,50.0333,-113.5852,18.45,48,100,1.63,CA,1627567660
425,carauari,-4.8828,-66.8958,27.78,46,53,3.44,BR,1627567662
426,somotillo,13.0433,-86.9064,28.08,64,78,2.27,NI,1627567664
427,merauke,-8.4667,140.3333,25.44,86,31,5.85,ID,1627567666
428,termoli,41.9888,14.9895,34.32,52,0,4.43,IT,1627567668
429,yulara,-25.2406,130.9889,14.91,55,0,1.54,AU,1627567670
430,verkhoyansk,67.5447,133.385,10.17,60,66,1.9,RU,1627567671
431,seminole,28.7086,-81.2081,30.66,84,1,0.89,US,1627567645
432,ouegoa,-20.35,164.4333,19.92,75,2,1.3,NC,1627567675
433,zonguldak,41.25,31.8333,25.47,28,0,3.82,TR,1627567677
434,komsomolskiy,40.4272,71.7189,32.68,13,95,8.62,UZ,1627567679
435,buraydah,26.326,43.975,43.48,8,85,5.72,SA,1627567680
436,raudeberg,61.9875,5.1352,22.78,94,100,3.25,NO,1627567682
437,saint george,37.1041,-113.5841,30.35,43,1,0.89,US,1627567626
438,hamadan,34.7992,48.5146,31.28,18,60,7.41,IR,1627567686
439,qiongshan,20.0058,110.3542,28.31,84,100,1.69,CN,1627567688
440,touros,-5.1989,-35.4608,29.5,56,67,6.51,BR,1627567690
441,yaan,7.3833,8.5667,28.42,67,74,2.49,NG,1627567691
442,sigli,5.3848,95.9609,28.32,74,100,3.6,ID,1627567693
443,kahului,20.8947,-156.47,24.91,92,1,1.54,US,1627567695
444,espinosa,-14.9261,-42.8192,30.13,26,0,3.46,BR,1627567698
445,ust-kuyga,70.0167,135.6,9.38,64,98,2.43,RU,1627567700
446,lengshuitan,26.4111,111.5956,30.0,61,0,0.47,CN,1627567702
447,were ilu,10.6,39.4333,18.29,68,100,3.38,ET,1627567703
448,santa catarina de tepehuanes,25.35,-105.7333,18.76,54,26,1.19,MX,1627567707
449,vieira de leiria,39.8695,-8.9324,33.4,62,9,6.48,PT,1627567709
450,nnewi,6.0199,6.9148,29.06,58,96,3.34,NG,1627567711
451,sampit,-2.5333,112.95,23.98,91,49,1.41,ID,1627567713
452,vanimo,-2.6741,141.3028,26.54,87,52,2.03,PG,1627567715
453,rochegda,62.8,43.25,22.71,46,100,1.32,RU,1627567719
454,macklin,52.3334,-109.9348,21.08,39,100,2.12,CA,1627567721
455,aguimes,27.9054,-15.4461,25.35,57,20,11.83,ES,1627567723
456,ayagoz,47.9714,80.4392,20.8,27,100,7.08,KZ,1627567725
457,hobyo,5.3505,48.5268,26.57,70,90,12.27,SO,1627567727
458,dukat,62.55,155.55,0.87,97,100,1.85,RU,1627567729
459,miami,25.7743,-80.1937,32.22,75,40,0.0,US,1627567630
460,staryy saltiv,50.0827,36.7939,29.75,49,95,2.67,UA,1627567732
461,mehamn,71.0357,27.8492,9.95,85,100,3.56,NO,1627567734
462,xining,36.6167,101.7667,17.79,38,20,1.2,CN,1627567736
463,siverek,37.755,39.3167,37.34,15,0,4.55,TR,1627567738
464,massa marittima,43.049,10.8928,35.65,42,0,3.89,IT,1627567739
465,majene,-3.5403,118.9707,26.24,84,95,2.33,ID,1627567640
466,sahuaripa,29.05,-109.2333,25.57,66,17,1.14,MX,1627567743
467,oussouye,12.485,-16.5469,27.74,67,100,2.12,SN,1627567745
468,kutum,14.2,24.6667,31.59,36,95,3.9,SD,1627567747
469,itamaraca,-7.7478,-34.8256,29.38,64,31,3.56,BR,1627567749
470,luanda,-8.8368,13.2343,25.0,73,20,5.14,AO,1627567751
471,iralaya,15.0,-83.2333,27.05,82,100,4.51,HN,1627567753
472,tual,-5.6667,132.75,27.57,82,98,5.9,ID,1627567755
473,itamarandiba,-17.8572,-42.8589,26.37,35,0,1.41,BR,1627567757
474,havoysund,70.9963,24.6622,8.49,85,100,6.09,NO,1627567759
475,maceio,-9.6658,-35.7353,28.69,61,40,2.57,BR,1627567761
476,hervey bay,-25.2986,152.8535,15.06,53,0,6.54,AU,1627567763
477,normandin,48.8333,-72.5321,16.55,74,100,3.42,CA,1627567765
478,fare,-16.7,-151.0167,25.27,76,24,5.34,PF,1627567767
479,murindo,6.9848,-76.7544,26.33,91,99,1.32,CO,1627567770
480,luganville,-15.5333,167.1667,24.58,87,80,1.07,VU,1627567772
481,nome,64.5011,-165.4064,9.04,93,90,7.2,US,1627567774
482,parabel,58.6978,81.4825,13.98,76,9,2.02,RU,1627567776
483,bondowoso,-7.9135,113.8214,23.43,88,48,1.56,ID,1627567778
484,santo antonio do leverger,-15.8656,-56.0767,17.21,15,0,4.99,BR,1627567780
485,kjollefjord,70.9457,27.3465,9.88,81,100,4.19,NO,1627567782
486,valer,60.6785,11.8331,16.61,88,100,2.98,NO,1627567784
487,ngunguru,-35.6167,174.5,10.65,88,62,3.42,NZ,1627567786
488,zhangye,38.9342,100.4517,29.35,13,6,1.69,CN,1627567788
489,canon city,38.441,-105.2424,26.11,47,40,1.54,US,1627567789
490,xixiang,35.1628,112.865,22.8,94,21,1.81,CN,1627567791
491,labuhan,-6.8844,112.2051,26.22,76,45,1.85,ID,1627567793
492,martyush,56.4,61.8819,20.3,44,96,3.82,RU,1627567795
493,mount gambier,-37.8333,140.7667,7.77,65,3,5.07,AU,1627567797
494,tromso,69.6496,18.957,18.36,67,0,7.72,NO,1627567799
495,batagay-alyta,67.8006,130.4114,9.48,54,100,1.0,RU,1627567800
496,chauk,20.8833,94.8167,28.73,70,45,5.56,MM,1627567805
497,sur,22.5667,59.5289,40.26,33,83,6.45,OM,1627567809
498,roald,62.5833,6.1333,23.98,83,0,4.12,NO,1627567811
499,outlook,51.5001,-107.0513,21.61,38,100,4.07,CA,1627567813
500,vasilsursk,56.1275,46.0072,18.46,78,100,2.98,RU,1627567817
501,wenatchee,47.4235,-120.3103,23.0,46,1,0.89,US,1627567806
502,vila franca do campo,37.7167,-25.4333,23.23,70,50,3.03,PT,1627567820
503,placido de castro,-10.3353,-67.1856,21.58,20,0,4.15,BR,1627567822
504,cockburn town,21.4612,-71.1419,27.8,74,1,8.96,TC,1627567825
505,eureka,40.8021,-124.1637,11.43,82,5,1.05,US,1627567530
506,zaysan,47.4667,84.8667,18.31,37,0,1.31,KZ,1627567828
507,sao jose da coroa grande,-8.8978,-35.1478,26.53,68,15,2.12,BR,1627567830
508,riohacha,11.5444,-72.9072,29.44,65,55,4.96,CO,1627567832
509,gushikawa,26.3544,127.8686,27.57,85,1,2.06,JP,1627567834
510,martigny,46.0833,7.0833,28.15,36,1,2.89,CH,1627567835
511,zamora,-4.0692,-78.9567,20.19,97,96,1.69,EC,1627567837
512,guajara,-2.9667,-57.6667,32.12,31,99,1.77,BR,1627567839
513,marsh harbour,26.5412,-77.0636,28.86,71,3,5.0,BS,1627567841
514,simpang,-1.2667,104.0833,24.8,78,71,0.66,ID,1627567843
515,paita,-5.0892,-81.1144,20.31,78,76,3.85,PE,1627567845
516,rio grande,-32.035,-52.0986,9.06,67,10,7.61,BR,1627567638
517,wuwei,37.9281,102.6414,26.24,18,2,1.28,CN,1627567850
518,bonthe,7.5264,-12.505,27.97,61,94,4.57,SL,1627567852
519,kibala,9.1104,18.3463,28.39,72,98,2.11,TD,1627567854
520,buchanan,5.8808,-10.0467,27.82,60,92,3.54,LR,1627567856
521,mahibadhoo,3.7833,72.9667,28.4,70,99,4.48,MV,1627567857
522,gumdag,39.2061,54.5906,33.92,26,47,3.23,TM,1627567860
523,novosil,52.9739,37.0405,27.19,50,65,3.71,RU,1627567862
524,boma,7.0805,-2.1697,30.75,45,98,1.89,GH,1627567864
525,thyolo,-16.0678,35.1405,19.94,45,81,2.18,MW,1627567866
526,vao,-22.6667,167.4833,21.46,71,18,5.69,NC,1627567868
527,klyuchevskiy,53.5317,119.4519,13.1,96,78,1.8,RU,1627567869
528,izumo,35.3667,132.7667,24.06,92,3,1.38,JP,1627567871
529,sergiyevsk,53.9413,51.165,19.21,71,100,3.13,RU,1627567873
530,chara,56.9064,118.2631,15.27,66,2,3.24,RU,1627567876
531,grindavik,63.8424,-22.4338,17.26,67,0,3.6,IS,1627567879
532,faya,18.3851,42.4509,22.29,54,79,4.93,SA,1627567882
533,sangar,63.9242,127.4739,13.48,45,81,1.84,RU,1627567884
534,nchelenge,-9.3451,28.734,26.24,36,0,3.74,ZM,1627567886
535,barcelos,41.5388,-8.6151,31.82,44,6,5.47,PT,1627567888
536,japura,-0.3167,102.35,26.67,69,96,1.58,ID,1627567892
537,tungor,53.3808,142.9564,16.91,98,100,4.34,RU,1627567893
538,kedrovyy,56.1667,91.8167,15.23,69,79,0.8,RU,1627567895
539,dembi dolo,8.5333,34.8,17.2,87,100,2.41,ET,1627567899
540,assiniboia,49.6334,-105.9845,22.48,32,88,5.5,CA,1627567893
541,sola,-13.8833,167.55,26.33,78,79,3.95,VU,1627567902
542,gorodovikovsk,46.0878,41.9335,33.41,19,0,2.76,RU,1627567904
543,igurubi,-4.0,33.7,30.46,22,9,4.44,TZ,1627567906
544,fukue,32.6881,128.8419,26.42,77,100,1.62,JP,1627567910
545,mapiripan,2.8892,-72.1256,26.68,76,40,0.37,CO,1627567912
546,goderich,43.7501,-81.7165,22.17,89,94,7.23,CA,1627567914
547,hambantota,6.1241,81.1185,27.77,76,85,9.75,LK,1627567916
548,byron bay,-28.65,153.6167,16.97,54,0,4.35,AU,1627567787
549,qandala,11.472,49.8728,32.51,55,76,3.33,SO,1627567921
550,valkeakoski,61.2642,24.0312,22.27,57,64,7.0,FI,1627567923
551,pangai,-19.8,-174.35,23.32,72,95,7.08,TO,1627567925
552,krasnoselkup,65.7,82.4667,18.27,60,100,7.17,RU,1627567927
553,ginda,30.6945,78.4932,20.0,91,100,0.33,IN,1627567929
554,vila velha,-20.3297,-40.2925,17.97,82,75,8.23,BR,1627567871
555,matara,5.9485,80.5353,26.41,87,98,5.14,LK,1627567932
556,bokoro,12.3807,17.0568,32.84,47,65,1.55,TD,1627567934
557,marawi,7.9986,124.2928,21.31,88,97,1.96,PH,1627567841
558,la palma,33.8464,-118.0467,26.86,87,1,0.45,US,1627567938
559,mazabuka,-15.856,27.748,23.15,25,48,4.33,ZM,1627567940
560,istisu,40.9457,48.0738,22.11,59,46,2.09,AZ,1627567942
561,winnemucca,40.973,-117.7357,17.03,34,1,0.0,US,1627567944
562,havre-saint-pierre,50.2334,-63.5986,11.55,83,100,3.04,CA,1627567946
563,campo verde,-20.4167,-54.0667,10.56,30,10,4.26,BR,1627567948
